    {"name":"Augustus","birth":"62AD","death":"14AD","rise":"Birthright","reign.start":"26AD","reign.end":"14AD","cause":"Assassination","killer":"Wife"},
    {"name":"Tiberius","birth":"41AD","death":"37AD","rise":"Birthright","reign.start":"14AD","reign.end":"37AD","cause":"Assassination","killer":"Other Emperor"},
    {"name":"Caligula","birth":"12AD","death":"41AD","rise":"Birthright","reign.start":"37AD","reign.end":"41AD","cause":"Assassination","killer":"Senate"},
    {"name":"Claudius","birth":"9AD","death":"54AD","rise":"Birthright","reign.start":"41AD","reign.end":"54AD","cause":"Assassination","killer":"Wife"},
    {"name":"Nero","birth":"37AD","death":"68AD","rise":"Birthright","reign.start":"54AD","reign.end":"68AD","cause":"Suicide","killer":"Senate"},
    {"name":"Galba","birth":"2AD","death":"69AD","rise":"Seized Power","reign.start":"68AD","reign.end":"69AD","cause":"Assassination","killer":"Other Emperor"},
    {"name":"Otho","birth":"32AD","death":"69AD","rise":"Appointment by Praetorian Guard","reign.start":"69AD","reign.end":"69AD","cause":"Suicide","killer":"Other Emperor"},
    {"name":"Vitellius","birth":"15AD","death":"69AD","rise":"Seized Power","reign.start":"69AD","reign.end":"69AD","cause":"Assassination","killer":"Other Emperor"},
    {"name":"Vespasian","birth":"9AD","death":"79AD","rise":"Seized Power","reign.start":"69AD","reign.end":"79AD","cause":"Natural Causes","killer":"Disease"},
    {"name":"Titus","birth":"39AD","death":"81AD","rise":"Birthright","reign.start":"79AD","reign.end":"81AD","cause":"Natural Causes","killer":"Disease"},
    {"name":"Domitian","birth":"51AD","death":"96AD","rise":"Birthright","reign.start":"81AD","reign.end":"96AD","cause":"Assassination","killer":"Court Officials"},
    {"name":"Nerva","birth":"30AD","death":"98AD","rise":"Appointment by Senate","reign.start":"96AD","reign.end":"98AD","cause":"Natural Causes","killer":"Disease"},
    {"name":"Trajan","birth":"53AD","death":"117AD","rise":"Birthright","reign.start":"98AD","reign.end":"117AD","cause":"Natural Causes","killer":"Disease"},
    {"name":"Hadrian","birth":"76AD","death":"138AD","rise":"Birthright","reign.start":"117AD","reign.end":"138AD","cause":"Natural Causes","killer":"Heart Failure"},
    {"name":"Antonius Pius","birth":"86AD","death":"161AD","rise":"Birthright","reign.start":"138AD","reign.end":"161AD","cause":"Natural Causes","killer":"Disease"},
    {"name":"Marcus Aurelius","birth":"121AD","death":"180AD","rise":"Birthright","reign.start":"161AD","reign.end":"180AD","cause":"Natural Causes","killer":"Disease"},
    {"name":"Lucius Verus","birth":"130AD","death":"169AD","rise":"Birthright","reign.start":"161AD","reign.end":"169AD","cause":"Natural Causes","killer":"Disease"},
    {"name":"Commodus","birth":"161AD","death":"192AD","rise":"Birthright","reign.start":"177AD","reign.end":"192AD","cause":"Assassination","killer":"Praetorian Guard"},
    {"name":"Pertinax","birth":"126AD","death":"193AD","rise":"Appointment by Praetorian Guard","reign.start":"193AD","reign.end":"193AD","cause":"Assassination","killer":"Praetorian Guard"},
    {"name":"Didius Julianus","birth":"133AD","death":"193AD","rise":"Purchase","reign.start":"193AD","reign.end":"193AD","cause":"Execution","killer":"Senate"},
    {"name":"Septimus Severus","birth":"145AD","death":"211AD","rise":"Seized Power","reign.start":"193AD","reign.end":"211AD","cause":"Natural Causes","killer":"Disease"},
    {"name":"Caracalla","birth":"188AD","death":"217AD","rise":"Birthright","reign.start":"198AD","reign.end":"217AD","cause":"Assassination","killer":"Other Emperor"},
    {"name":"Geta","birth":"189AD","death":"211AD","rise":"Birthright","reign.start":"209AD","reign.end":"211AD","cause":"Assassination","killer":"Other Emperor"},
    {"name":"Macrinus","birth":"165AD","death":"218AD","rise":"Seized Power","reign.start":"217AD","reign.end":"218AD","cause":"Execution","killer":"Other Emperor"},
    {"name":"Elagabalus","birth":"203AD","death":"222AD","rise":"Birthright","reign.start":"218AD","reign.end":"222AD","cause":"Assassination","killer":"Praetorian Guard"},
    {"name":"Severus Alexander","birth":"208AD","death":"235AD","rise":"Birthright","reign.start":"222AD","reign.end":"235AD","cause":"Assassination","killer":"Own Army"},
    {"name":"Maximinus I","birth":"173AD","death":"238AD","rise":"Appointment by Praetorian Guard","reign.start":"235AD","reign.end":"238AD","cause":"Assassination","killer":"Praetorian Guard"},
    {"name":"Gordian I","birth":"159AD","death":"238AD","rise":"Appointment by Senate","reign.start":"238AD","reign.end":"238AD","cause":"Suicide","killer":"Other Emperor"},
    {"name":"Gordian II","birth":"192AD","death":"238AD","rise":"Appointment by Senate","reign.start":"238AD","reign.end":"238AD","cause":"Execution","killer":"Other Emperor"},
    {"name":"Pupienus","birth":"178AD","death":"238AD","rise":"Appointment by Senate","reign.start":"238AD","reign.end":"238AD","cause":"Assassination","killer":"Praetorian Guard"},
    {"name":"Balbinus","birth":"178AD","death":"238AD","rise":"Appointment by Senate","reign.start":"238AD","reign.end":"238AD","cause":"Assassination","killer":"Praetorian Guard"},
    {"name":"Gordian III","birth":"225AD","death":"244AD","rise":"Appointment by Senate","reign.start":"238AD","reign.end":"244AD","cause":"Died in Battle","killer":"Opposing Army"},
    {"name":"Philip I","birth":"204AD","death":"249AD","rise":"Seized Power","reign.start":"244AD","reign.end":"249AD","cause":"Execution","killer":"Other Emperor"},
    {"name":"Trajan Decius","birth":"201AD","death":"251AD","rise":"Appointment by Army","reign.start":"249AD","reign.end":"251AD","cause":"Died in Battle","killer":"Opposing Army"},
    {"name":"Hostilian","birth":"230AD","death":"251AD","rise":"Birthright","reign.start":"251AD","reign.end":"251AD","cause":"Natural Causes","killer":"Disease"},
    {"name":"Trebonianus Gallus","birth":"206AD","death":"253AD","rise":"Appointment by Army","reign.start":"251AD","reign.end":"253AD","cause":"Assassination","killer":"Other Emperor"},
    {"name":"Aemilian","birth":"207AD","death":"253AD","rise":"Appointment by Army","reign.start":"253AD","reign.end":"253AD","cause":"Assassination","killer":"Other Emperor"},
    {"name":"Valerian","birth":"195AD","death":"264AD","rise":"Appointment by Army","reign.start":"253AD","reign.end":"260AD","cause":"Captivity","killer":"Opposing Army"},
    {"name":"Gallienus","birth":"218AD","death":"268AD","rise":"Birthright","reign.start":"253AD","reign.end":"268AD","cause":"Assassination","killer":"Own Army"},
    {"name":"Claudius Gothicus","birth":"213AD","death":"270AD","rise":"Seized Power","reign.start":"268AD","reign.end":"270AD","cause":"Natural Causes","killer":"Disease"},
    {"name":"Quintillus","birth":"212AD","death":"270AD","rise":"Birthright","reign.start":"270AD","reign.end":"270AD","cause":"Unknown","killer":"Unknown"},
    {"name":"Aurelian","birth":"214AD","death":"275AD","rise":"Appointment by Army","reign.start":"270AD","reign.end":"275AD","cause":"Assassination","killer":"Praetorian Guard"},
    {"name":"Tacitus","birth":"200AD","death":"276AD","rise":"Appointment by Senate","reign.start":"275AD","reign.end":"276AD","cause":"Natural Causes","killer":"Disease"},
    {"name":"Florian","birth":"Unknown","death":"276AD","rise":"Birthright","reign.start":"276AD","reign.end":"276AD","cause":"Assassination","killer":"Own Army"},
    {"name":"Probus","birth":"232AD","death":"282AD","rise":"Appointment by Army","reign.start":"276AD","reign.end":"282AD","cause":"Assassination","killer":"Own Army"},
    {"name":"Carus","birth":"230AD","death":"283AD","rise":"Seized Power","reign.start":"282AD","reign.end":"283AD","cause":"Natural Causes","killer":"Lightning"},
    {"name":"Numerian","birth":"Unknown","death":"284AD","rise":"Birthright","reign.start":"283AD","reign.end":"284AD","cause":"Unknown","killer":"Unknown"},
    {"name":"Carinus","birth":"Unknown","death":"285AD","rise":"Birthright","reign.start":"283AD","reign.end":"285AD","cause":"Died in Battle","killer":"Opposing Army"},
    {"name":"Diocletian","birth":"244AD","death":"311AD","rise":"Seized Power","reign.start":"284AD","reign.end":"305AD","cause":"Natural Causes","killer":"Disease"},
    {"name":"Maximian","birth":"250AD","death":"310AD","rise":"Appointment by Emperor","reign.start":"286AD","reign.end":"305AD","cause":"Suicide","killer":"Other Emperor"},
    {"name":"Constantius I","birth":"250AD","death":"306AD","rise":"Appointment by Emperor","reign.start":"305AD","reign.end":"306AD","cause":"Natural Causes","killer":"Unknown"},
    {"name":"Galerius","birth":"260AD","death":"311AD","rise":"Appointment by Emperor","reign.start":"305AD","reign.end":"311AD","cause":"Natural Causes","killer":"Disease"},
    {"name":"Severus II","birth":"Unknown","death":"307AD","rise":"Appointment by Emperor","reign.start":"305AD","reign.end":"307AD","cause":"Assassination","killer":"Other Emperor"},
    {"name":"Constantine the Great","birth":"272AD","death":"337AD","rise":"Birthright","reign.start":"306AD","reign.end":"337AD","cause":"Natural Causes","killer":"Disease"},
    {"name":"Maxentius","birth":"278AD","death":"312AD","rise":"Birthright","reign.start":"306AD","reign.end":"312AD","cause":"Execution","killer":"Other Emperor"},
    {"name":"Maximinus II","birth":"270AD","death":"313AD","rise":"Birthright","reign.start":"311AD","reign.end":"313AD","cause":"Execution","killer":"Other Emperor"},
    {"name":"Lucinius I","birth":"250AD","death":"325AD","rise":"Birthright","reign.start":"308AD","reign.end":"324AD","cause":"Execution","killer":"Other Emperor"},
    {"name":"Constantine II","birth":"316AD","death":"340AD","rise":"Birthright","reign.start":"337AD","reign.end":"340AD","cause":"Execution","killer":"Other Emperor"},
    {"name":"Consantius II","birth":"317AD","death":"361AD","rise":"Birthright","reign.start":"337AD","reign.end":"361AD","cause":"Natural Causes","killer":"Disease"},
    {"name":"Constans","birth":"320AD","death":"350AD","rise":"Birthright","reign.start":"337AD","reign.end":"350AD","cause":"Assassination","killer":"Usurper"},
    {"name":"Vetranio","birth":"Unknown","death":"356AD","rise":"Seized Power","reign.start":"350AD","reign.end":"350AD","cause":"Unknown","killer":"Unknown"},
    {"name":"Julian","birth":"331AD","death":"363AD","rise":"Birthright","reign.start":"360AD","reign.end":"363AD","cause":"Died in Battle","killer":"Opposing Army"},
    {"name":"Jovian","birth":"331AD","death":"364AD","rise":"Appointment by Army","reign.start":"363AD","reign.end":"364AD","cause":"Natural Causes","killer":"Fire"},
    {"name":"Valentinian I","birth":"321AD","death":"375AD","rise":"Election","reign.start":"364AD","reign.end":"375AD","cause":"Natural Causes","killer":"Aneurism"},
    {"name":"Valens","birth":"328AD","death":"378AD","rise":"Birthright","reign.start":"364AD","reign.end":"378AD","cause":"Died in Battle","killer":"Opposing Army"},
    {"name":"Gratian","birth":"359AD","death":"383AD","rise":"Birthright","reign.start":"367AD","reign.end":"383AD","cause":"Assassination","killer":"Own Army"},
    {"name":"Valentinian II","birth":"371AD","death":"392AD","rise":"Birthright","reign.start":"375AD","reign.end":"392AD","cause":"Suicide","killer":"Unknown"},
    {"name":"Theodosius I","birth":"347AD","death":"395AD","rise":"Birthright","reign.start":"379AD","reign.end":"395AD","cause":"Natural Causes","killer":"Disease"},